Customer,Ulrich Imboden AG
Name,WB-X-SPS_0058
Label,WB-X-SPS_0058
Start Time,09/05/2025 21:04
End Time,16/05/2025 21:04
Time,PH_58,TEMP_WASSER_58,Water Level,Tr√ºbung Zulauf,Trubidity Auslass,Flow_Rate_1,Flow_Rate_2,ARA_Flow,PH_59,TEMP_WASSER_59
09/05/2025 21:15,7.95,14.06,3.39,25.69,21.41,0.00,11.23,0.37,5.92,14.67
09/05/2025 21:15,7.95,14.06,3.39,25.69,21.41,0.00,11.23,0.37,5.92,14.67
09/05/2025 21:45,7.95,14.09,3.40,16.91,14.09,0.00,7.95,0.18,5.92,14.68
09/05/2025 21:45,7.95,14.09,3.40,16.91,14.09,0.00,7.95,0.18,5.92,14.68
09/05/2025 22:15,7.95,14.09,3.42,9.87,8.23,0.00,7.83,0.20,5.92,14.69
09/05/2025 22:15,7.95,14.09,3.42,9.87,8.23,0.00,7.83,0.20,5.92,14.69
09/05/2025 22:45,7.95,14.06,3.45,7.64,6.37,0.00,8.64,0.11,5.92,14.68
09/05/2025 22:45,7.95,14.06,3.45,7.64,6.37,0.00,8.64,0.11,5.92,14.68
09/05/2025 23:15,7.95,14.01,3.41,2.98,2.48,0.00,16.51,0.29,5.92,14.66
09/05/2025 23:15,7.95,14.01,3.41,2.98,2.48,0.00,16.51,0.29,5.92,14.66
09/05/2025 23:45,7.96,13.94,3.40,0.87,0.73,0.00,8.12,0.15,5.92,14.63
09/05/2025 23:45,7.96,13.94,3.40,0.87,0.73,0.00,8.12,0.15,5.92,14.63
10/05/2025 00:15,7.96,13.88,3.41,0.19,0.16,0.00,7.99,0.08,5.92,14.61
10/05/2025 00:15,7.96,13.88,3.41,0.19,0.16,0.00,7.99,0.08,5.92,14.61
10/05/2025 00:45,7.96,13.82,3.44,0.19,0.16,0.00,7.52,0.08,5.92,14.58
10/05/2025 00:45,7.96,13.82,3.44,0.19,0.16,0.00,7.52,0.08,5.92,14.58
10/05/2025 01:15,7.96,13.75,3.38,0.19,0.16,0.00,9.81,0.06,5.92,14.54
10/05/2025 01:15,7.96,13.75,3.38,0.19,0.16,0.00,9.81,0.06,5.92,14.54
10/05/2025 01:45,7.95,13.70,3.38,0.19,0.16,0.00,10.94,0.28,5.92,14.49
10/05/2025 01:45,7.95,13.70,3.38,0.19,0.16,0.00,10.94,0.28,5.92,14.49
10/05/2025 02:15,7.94,13.65,3.44,0.19,0.16,0.00,9.80,0.23,5.92,14.45
10/05/2025 02:15,7.94,13.65,3.44,0.19,0.16,0.00,9.80,0.23,5.92,14.45
10/05/2025 02:45,7.94,13.59,3.41,0.19,0.16,0.00,36.27,0.23,5.92,14.39
10/05/2025 02:45,7.94,13.59,3.41,0.19,0.16,0.00,36.27,0.23,5.92,14.39
10/05/2025 03:15,7.95,13.53,3.40,0.19,0.16,0.00,10.03,0.37,5.92,14.33
10/05/2025 03:15,7.95,13.53,3.40,0.19,0.16,0.00,10.03,0.37,5.92,14.33
10/05/2025 03:45,7.94,13.49,3.36,0.19,0.16,0.00,8.65,0.08,5.92,14.27
10/05/2025 03:45,7.94,13.49,3.36,0.19,0.16,0.00,8.65,0.08,5.92,14.27
10/05/2025 04:15,7.94,13.45,3.39,0.19,0.16,0.00,10.56,0.12,5.92,14.21
10/05/2025 04:15,7.94,13.45,3.39,0.19,0.16,0.00,10.56,0.12,5.92,14.21
10/05/2025 04:45,7.94,13.41,3.37,0.19,0.16,0.00,11.45,0.25,5.92,14.14
10/05/2025 04:45,7.94,13.41,3.37,0.19,0.16,0.00,11.45,0.25,5.92,14.14
10/05/2025 05:15,7.94,13.38,3.38,0.19,0.16,0.00,9.32,0.13,5.92,14.08
10/05/2025 05:15,7.94,13.38,3.38,0.19,0.16,0.00,9.32,0.13,5.92,14.08
10/05/2025 05:45,7.94,13.35,3.34,0.19,0.16,0.00,14.93,0.33,5.92,14.01
10/05/2025 05:45,7.94,13.35,3.34,0.19,0.16,0.00,14.93,0.33,5.92,14.01
10/05/2025 06:15,7.92,13.31,3.39,0.19,0.16,0.00,14.13,0.35,5.92,13.94
10/05/2025 06:15,7.92,13.31,3.39,0.19,0.16,0.00,14.13,0.35,5.92,13.94
10/05/2025 06:45,7.92,13.28,3.38,0.19,0.16,0.00,9.94,0.00,5.92,13.88
10/05/2025 06:45,7.92,13.28,3.38,0.19,0.16,0.00,9.94,0.00,5.92,13.88
10/05/2025 07:15,7.92,13.24,3.38,0.19,0.16,0.00,7.51,0.12,5.92,13.82
10/05/2025 07:15,7.92,13.24,3.38,0.19,0.16,0.00,7.51,0.12,5.92,13.82
10/05/2025 07:45,7.92,13.21,3.42,0.19,0.16,0.00,14.79,0.19,5.92,13.75
10/05/2025 07:45,7.92,13.21,3.42,0.19,0.16,0.00,14.79,0.19,5.92,13.75
10/05/2025 08:15,7.93,13.17,3.37,0.19,0.16,0.00,13.41,0.31,5.93,13.68
10/05/2025 08:15,7.93,13.17,3.37,0.19,0.16,0.00,13.41,0.31,5.93,13.68
10/05/2025 08:45,7.92,13.14,3.41,0.19,0.16,0.00,6.70,0.13,5.93,13.61
10/05/2025 08:45,7.92,13.14,3.41,0.19,0.16,0.00,6.70,0.13,5.93,13.61
10/05/2025 09:15,7.93,13.11,3.42,0.19,0.16,0.00,8.88,0.12,5.93,13.55
10/05/2025 09:15,7.93,13.11,3.42,0.19,0.16,0.00,8.88,0.12,5.93,13.55
10/05/2025 09:45,7.92,13.08,3.43,0.19,0.16,0.00,16.85,0.39,5.93,13.48
10/05/2025 09:45,7.92,13.08,3.43,0.19,0.16,0.00,16.85,0.39,5.93,13.48
10/05/2025 10:15,7.93,13.06,3.38,0.19,0.16,0.00,10.72,0.21,5.93,13.42
10/05/2025 10:15,7.93,13.06,3.38,0.19,0.16,0.00,10.72,0.21,5.93,13.42
10/05/2025 10:45,7.93,13.03,3.37,0.20,0.16,0.00,10.20,0.25,5.93,13.35
10/05/2025 10:45,7.93,13.03,3.37,0.20,0.16,0.00,10.20,0.25,5.93,13.35
10/05/2025 11:15,7.92,13.05,3.38,2.26,1.89,0.00,9.18,0.15,5.93,13.30
10/05/2025 11:15,7.92,13.05,3.38,2.26,1.89,0.00,9.18,0.15,5.93,13.30
10/05/2025 11:45,7.92,13.08,3.41,5.62,4.69,0.00,13.85,0.27,5.93,13.26
10/05/2025 11:45,7.92,13.08,3.41,5.62,4.69,0.00,13.85,0.27,5.93,13.26
10/05/2025 12:15,7.91,13.14,3.44,9.70,8.08,0.00,13.22,0.07,5.93,13.23
10/05/2025 12:15,7.91,13.14,3.44,9.70,8.08,0.00,13.22,0.07,5.93,13.23
10/05/2025 12:45,7.92,13.20,3.38,14.66,12.22,0.00,13.64,0.33,5.93,13.22
10/05/2025 12:45,7.92,13.20,3.38,14.66,12.22,0.00,13.64,0.33,5.93,13.22
10/05/2025 13:15,7.92,13.26,3.37,17.55,14.62,0.00,10.96,0.13,5.93,13.21
10/05/2025 13:15,7.92,13.26,3.37,17.55,14.62,0.00,10.96,0.13,5.93,13.21
10/05/2025 13:45,7.92,13.32,3.41,19.84,16.53,0.00,8.52,0.09,5.93,13.21
10/05/2025 13:45,7.92,13.32,3.41,19.84,16.53,0.00,8.52,0.09,5.93,13.21
10/05/2025 14:15,7.92,13.39,3.42,25.69,21.41,0.00,8.78,0.13,5.93,13.25
10/05/2025 14:15,7.92,13.39,3.42,25.69,21.41,0.00,8.78,0.13,5.93,13.25
10/05/2025 14:45,7.92,13.44,3.44,34.27,28.55,0.00,7.00,0.00,5.92,13.35
10/05/2025 14:45,7.92,13.44,3.44,34.27,28.55,0.00,7.00,0.00,5.92,13.35
10/05/2025 15:15,7.93,13.48,3.35,41.36,34.47,0.00,13.44,0.20,5.92,13.49
10/05/2025 15:15,7.93,13.48,3.35,41.36,34.47,0.00,13.44,0.20,5.92,13.49
10/05/2025 15:45,7.92,13.54,3.37,43.94,36.62,0.00,14.56,0.06,5.92,13.66
10/05/2025 15:45,7.92,13.54,3.37,43.94,36.62,0.00,14.56,0.06,5.92,13.66
10/05/2025 16:15,7.93,13.58,3.36,46.43,38.69,0.00,10.31,0.29,5.92,13.85
10/05/2025 16:15,7.93,13.58,3.36,46.43,38.69,0.00,10.31,0.29,5.92,13.85
10/05/2025 16:45,7.92,13.64,3.45,42.52,35.43,0.00,8.07,0.18,5.92,14.05
10/05/2025 16:45,7.92,13.64,3.45,42.52,35.43,0.00,8.07,0.18,5.92,14.05
10/05/2025 17:15,7.92,13.68,3.43,36.81,30.67,0.00,16.39,0.00,5.92,14.28
10/05/2025 17:15,7.92,13.68,3.43,36.81,30.67,0.00,16.39,0.00,5.92,14.28
10/05/2025 17:45,7.93,13.75,3.43,36.99,30.83,0.00,18.40,0.58,5.92,14.50
10/05/2025 17:45,7.93,13.75,3.43,36.99,30.83,0.00,18.40,0.58,5.92,14.50
10/05/2025 18:15,7.95,13.84,3.03,58.81,49.01,0.00,4.96,0.22,5.91,14.72
10/05/2025 18:15,7.95,13.84,3.03,58.81,49.01,0.00,4.96,0.22,5.91,14.72
10/05/2025 18:45,7.89,13.97,3.41,39.94,33.29,0.00,7.79,0.16,5.91,14.88
10/05/2025 18:45,7.89,13.97,3.41,39.94,33.29,0.00,7.79,0.16,5.91,14.88
10/05/2025 19:15,7.92,14.01,3.38,35.75,29.79,0.00,8.94,0.17,5.91,15.04
10/05/2025 19:15,7.92,14.01,3.38,35.75,29.79,0.00,8.94,0.17,5.91,15.04
10/05/2025 19:45,7.93,14.13,3.42,33.07,27.56,0.00,8.00,0.17,5.91,15.22
10/05/2025 19:45,7.93,14.13,3.42,33.07,27.56,0.00,8.00,0.17,5.91,15.22
10/05/2025 20:15,7.93,14.21,3.38,30.18,25.15,0.00,13.37,0.25,5.91,15.41
10/05/2025 20:15,7.93,14.21,3.38,30.18,25.15,0.00,13.37,0.25,5.91,15.41
10/05/2025 20:45,7.93,14.30,3.42,30.10,25.09,0.00,11.76,0.18,5.91,15.57
10/05/2025 20:45,7.93,14.30,3.42,30.10,25.09,0.00,11.76,0.18,5.91,15.57
10/05/2025 21:15,7.94,14.34,3.30,32.20,26.83,0.00,13.61,0.35,5.91,15.69
10/05/2025 21:15,7.94,14.34,3.30,32.20,26.83,0.00,13.61,0.35,5.91,15.69
10/05/2025 21:45,7.93,14.38,3.43,40.69,33.91,0.00,8.95,0.29,5.91,15.79
10/05/2025 21:45,7.93,14.38,3.43,40.69,33.91,0.00,8.95,0.29,5.91,15.79
10/05/2025 22:15,7.95,14.38,3.37,36.79,30.66,0.00,10.32,0.16,5.91,15.87
10/05/2025 22:15,7.95,14.38,3.37,36.79,30.66,0.00,10.32,0.16,5.91,15.87
10/05/2025 22:45,7.95,14.35,3.37,11.61,9.67,0.00,10.70,0.28,5.91,15.95
10/05/2025 22:45,7.95,14.35,3.37,11.61,9.67,0.00,10.70,0.28,5.91,15.95
10/05/2025 23:15,7.94,14.30,3.44,2.17,1.81,0.00,8.87,0.15,5.91,16.00
10/05/2025 23:15,7.94,14.30,3.44,2.17,1.81,0.00,8.87,0.15,5.91,16.00
10/05/2025 23:45,7.95,14.13,3.36,0.19,0.15,0.00,11.13,0.08,5.91,16.02
10/05/2025 23:45,7.95,14.13,3.36,0.19,0.15,0.00,11.13,0.08,5.91,16.02
11/05/2025 00:15,7.94,14.05,3.44,0.18,0.15,0.00,13.29,0.07,5.91,16.02
11/05/2025 00:15,7.94,14.05,3.44,0.18,0.15,0.00,13.29,0.07,5.91,16.02
11/05/2025 00:45,7.95,13.95,3.37,0.17,0.14,0.00,8.52,0.41,5.91,16.02
11/05/2025 00:45,7.95,13.95,3.37,0.17,0.14,0.00,8.52,0.41,5.91,16.02
11/05/2025 01:15,7.94,13.89,3.41,0.17,0.14,0.00,17.75,0.31,5.91,16.00
11/05/2025 01:15,7.94,13.89,3.41,0.17,0.14,0.00,17.75,0.31,5.91,16.00
11/05/2025 01:45,7.95,13.87,3.37,0.17,0.14,0.00,9.53,0.15,5.91,15.98
11/05/2025 01:45,7.95,13.87,3.37,0.17,0.14,0.00,9.53,0.15,5.91,15.98
11/05/2025 02:15,7.94,13.80,3.37,0.17,0.14,0.00,11.26,0.21,5.91,15.95
11/05/2025 02:15,7.94,13.80,3.37,0.17,0.14,0.00,11.26,0.21,5.91,15.95
11/05/2025 02:45,7.94,13.74,3.40,0.17,0.14,0.00,8.26,0.10,5.91,15.92
11/05/2025 02:45,7.94,13.74,3.40,0.17,0.14,0.00,8.26,0.10,5.91,15.92
11/05/2025 03:15,7.94,13.68,3.37,0.17,0.14,0.00,13.26,0.25,5.91,15.88
11/05/2025 03:15,7.94,13.68,3.37,0.17,0.14,0.00,13.26,0.25,5.91,15.88
11/05/2025 03:45,7.93,13.63,3.42,0.17,0.14,0.00,8.67,0.20,5.91,15.83
11/05/2025 03:45,7.93,13.63,3.42,0.17,0.14,0.00,8.67,0.20,5.91,15.83
11/05/2025 04:15,7.93,13.57,3.43,0.17,0.14,0.00,8.01,0.22,5.91,15.78
11/05/2025 04:15,7.93,13.57,3.43,0.17,0.14,0.00,8.01,0.22,5.91,15.78
11/05/2025 04:45,7.93,13.53,3.45,0.17,0.14,0.00,10.78,0.25,5.91,15.72
11/05/2025 04:45,7.93,13.53,3.45,0.17,0.14,0.00,10.78,0.25,5.91,15.72
11/05/2025 05:15,7.93,13.48,3.36,0.17,0.14,0.00,7.69,0.23,5.91,15.65
11/05/2025 05:15,7.93,13.48,3.36,0.17,0.14,0.00,7.69,0.23,5.91,15.65
11/05/2025 05:45,7.93,13.43,3.36,0.17,0.14,0.00,10.39,0.25,5.91,15.57
11/05/2025 05:45,7.93,13.43,3.36,0.17,0.14,0.00,10.39,0.25,5.91,15.57
11/05/2025 06:15,7.91,13.39,3.44,0.17,0.14,0.00,13.22,0.07,5.92,15.49
11/05/2025 06:15,7.91,13.39,3.44,0.17,0.14,0.00,13.22,0.07,5.92,15.49
11/05/2025 06:45,7.92,13.34,3.42,0.17,0.14,0.00,17.70,0.06,5.92,15.41
11/05/2025 06:45,7.92,13.34,3.42,0.17,0.14,0.00,17.70,0.06,5.92,15.41
11/05/2025 07:15,7.93,13.31,3.39,0.17,0.14,0.00,8.75,0.01,5.92,15.32
11/05/2025 07:15,7.93,13.31,3.39,0.17,0.14,0.00,8.75,0.01,5.92,15.32
11/05/2025 07:45,7.93,13.27,3.38,0.17,0.14,0.00,10.64,0.26,5.92,15.23
11/05/2025 07:45,7.93,13.27,3.38,0.17,0.14,0.00,10.64,0.26,5.92,15.23
11/05/2025 08:15,7.92,13.24,3.39,0.17,0.14,0.00,12.99,0.00,5.92,15.14
11/05/2025 08:15,7.92,13.24,3.39,0.17,0.14,0.00,12.99,0.00,5.92,15.14
11/05/2025 08:45,7.91,13.21,3.39,0.17,0.14,0.00,10.04,0.63,5.92,15.05
11/05/2025 08:45,7.91,13.21,3.39,0.17,0.14,0.00,10.04,0.63,5.92,15.05
11/05/2025 09:15,7.91,13.19,3.39,0.17,0.14,0.00,8.94,0.16,5.92,14.97
11/05/2025 09:15,7.91,13.19,3.39,0.17,0.14,0.00,8.94,0.16,5.92,14.97
11/05/2025 09:45,7.91,13.15,3.40,0.18,0.15,0.00,10.49,0.05,5.92,14.89
11/05/2025 09:45,7.91,13.15,3.40,0.18,0.15,0.00,10.49,0.05,5.92,14.89
11/05/2025 10:15,7.91,13.12,3.39,0.19,0.16,0.00,10.61,0.20,5.92,14.81
11/05/2025 10:15,7.91,13.12,3.39,0.19,0.16,0.00,10.61,0.20,5.92,14.81
11/05/2025 10:45,7.91,13.11,3.41,21.57,17.98,0.00,8.06,0.11,5.92,14.74
11/05/2025 10:45,7.91,13.11,3.41,21.57,17.98,0.00,8.06,0.11,5.92,14.74
11/05/2025 11:15,7.91,13.12,3.41,48.13,40.11,0.00,7.77,0.16,5.92,14.69
11/05/2025 11:15,7.91,13.12,3.41,48.13,40.11,0.00,7.77,0.16,5.92,14.69
11/05/2025 11:45,7.91,13.17,3.45,64.01,53.34,0.00,8.84,0.55,5.92,14.65
11/05/2025 11:45,7.91,13.17,3.45,64.01,53.34,0.00,8.84,0.55,5.92,14.65
11/05/2025 12:15,7.91,13.20,3.43,83.66,69.72,0.00,14.40,7.49,5.92,14.63
11/05/2025 12:15,7.91,13.20,3.43,83.66,69.72,0.00,14.40,7.49,5.92,14.63
11/05/2025 12:45,7.92,13.24,3.36,53.26,44.39,0.00,6.01,0.93,5.92,14.63
11/05/2025 12:45,7.92,13.24,3.36,53.26,44.39,0.00,6.01,0.93,5.92,14.63
11/05/2025 13:15,7.90,13.30,3.43,51.71,43.09,0.00,15.09,0.00,5.92,14.63
11/05/2025 13:15,7.90,13.30,3.43,51.71,43.09,0.00,15.09,0.00,5.92,14.63
11/05/2025 13:45,7.91,13.39,3.36,60.13,50.11,0.00,6.72,0.07,5.92,14.64
11/05/2025 13:45,7.91,13.39,3.36,60.13,50.11,0.00,6.72,0.07,5.92,14.64
11/05/2025 14:15,7.90,13.48,3.37,63.21,52.67,0.00,9.93,0.15,5.92,14.68
11/05/2025 14:15,7.90,13.48,3.37,63.21,52.67,0.00,9.93,0.15,5.92,14.68
11/05/2025 14:45,7.91,13.54,3.37,66.20,55.17,0.00,11.68,0.15,5.92,14.77
11/05/2025 14:45,7.91,13.54,3.37,66.20,55.17,0.00,11.68,0.15,5.92,14.77
11/05/2025 15:15,7.91,13.60,3.37,68.65,57.21,0.00,8.76,0.24,5.92,14.90
11/05/2025 15:15,7.91,13.60,3.37,68.65,57.21,0.00,8.76,0.24,5.92,14.90
11/05/2025 15:45,7.92,13.67,3.43,75.83,63.19,0.00,8.69,3.41,5.92,15.06
11/05/2025 15:45,7.92,13.67,3.43,75.83,63.19,0.00,8.69,3.41,5.92,15.06
11/05/2025 16:15,7.93,13.71,3.44,75.51,62.92,0.00,11.68,10.26,5.92,15.26
11/05/2025 16:15,7.93,13.71,3.44,75.51,62.92,0.00,11.68,10.26,5.92,15.26
11/05/2025 16:45,7.98,13.69,3.61,123.15,102.62,0.00,52.08,56.88,5.91,15.47
11/05/2025 16:45,7.98,13.69,3.61,123.15,102.62,0.00,52.08,56.88,5.91,15.47
11/05/2025 17:15,8.02,13.88,3.61,236.64,197.20,0.00,30.54,35.58,5.91,15.69
11/05/2025 17:15,8.02,13.88,3.61,236.64,197.20,0.00,30.54,35.58,5.91,15.69
11/05/2025 17:45,7.98,14.11,3.61,376.61,313.84,0.00,70.71,12.12,5.91,15.90
11/05/2025 17:45,7.98,14.11,3.61,376.61,313.84,0.00,70.71,12.12,5.91,15.90
11/05/2025 18:15,7.96,14.43,3.61,273.33,227.77,0.00,24.40,12.67,5.91,16.11
11/05/2025 18:15,7.96,14.43,3.61,273.33,227.77,0.00,24.40,12.67,5.91,16.11
11/05/2025 18:45,7.96,14.65,3.61,258.87,215.73,0.00,17.96,12.26,5.91,16.33
11/05/2025 18:45,7.96,14.65,3.61,258.87,215.73,0.00,17.96,12.26,5.91,16.33
11/05/2025 19:15,7.95,14.77,3.61,262.18,218.48,0.00,21.45,13.10,5.91,16.53
11/05/2025 19:15,7.95,14.77,3.61,262.18,218.48,0.00,21.45,13.10,5.91,16.53
11/05/2025 19:45,7.93,14.83,3.61,347.19,289.33,0.00,51.26,12.04,5.91,16.72
11/05/2025 19:45,7.93,14.83,3.61,347.19,289.33,0.00,51.26,12.04,5.91,16.72
11/05/2025 20:15,7.92,14.81,3.61,567.93,473.28,0.00,10.61,11.92,5.91,16.86
11/05/2025 20:15,7.92,14.81,3.61,567.93,473.28,0.00,10.61,11.92,5.91,16.86
11/05/2025 20:45,7.91,14.74,3.04,625.34,521.11,0.00,17.07,10.93,5.91,16.95
11/05/2025 20:45,7.91,14.74,3.04,625.34,521.11,0.00,17.07,10.93,5.91,16.95
11/05/2025 21:15,7.87,14.76,0.50,273.42,227.85,0.00,0.00,0.05,5.90,17.04
11/05/2025 21:15,7.87,14.76,0.50,273.42,227.85,0.00,0.00,0.05,5.90,17.04
11/05/2025 21:45,7.78,14.89,0.52,122.41,102.01,0.00,0.00,0.00,5.90,17.13
11/05/2025 21:45,7.78,14.89,0.52,122.41,102.01,0.00,0.00,0.00,5.90,17.13
11/05/2025 22:15,7.73,14.94,0.57,35.94,29.95,0.00,0.00,0.00,5.90,17.19
11/05/2025 22:15,7.73,14.94,0.57,35.94,29.95,0.00,0.00,0.00,5.90,17.19
11/05/2025 22:45,7.70,15.01,2.27,30.85,25.71,0.00,0.00,0.00,5.90,17.23
11/05/2025 22:45,7.70,15.01,2.27,30.85,25.71,0.00,0.00,0.00,5.90,17.23
11/05/2025 23:15,7.68,15.06,3.38,17.05,14.21,0.00,0.00,0.00,5.90,17.25
11/05/2025 23:15,7.68,15.06,3.38,17.05,14.21,0.00,0.00,0.00,5.90,17.25
11/05/2025 23:45,7.78,14.68,3.41,1.49,1.24,0.00,18.19,0.10,5.90,17.25
11/05/2025 23:45,7.78,14.68,3.41,1.49,1.24,0.00,18.19,0.10,5.90,17.25
12/05/2025 00:15,7.85,14.38,3.41,0.17,0.14,0.00,8.29,0.12,5.91,17.25
12/05/2025 00:15,7.85,14.38,3.41,0.17,0.14,0.00,8.29,0.12,5.91,17.25
12/05/2025 00:45,7.89,14.18,3.40,0.17,0.14,0.00,8.43,0.07,5.91,17.23
12/05/2025 00:45,7.89,14.18,3.40,0.17,0.14,0.00,8.43,0.07,5.91,17.23
12/05/2025 01:15,7.90,14.02,3.41,,,0.00,9.28,0.18,5.91,17.21
12/05/2025 01:15,7.90,14.02,3.41,,,0.00,9.28,0.18,5.91,17.21
12/05/2025 01:45,7.91,13.89,3.39,0.17,0.14,0.00,10.21,0.19,5.91,17.17
12/05/2025 01:45,7.91,13.89,3.39,0.17,0.14,0.00,10.21,0.19,5.91,17.17
12/05/2025 02:15,7.91,13.85,3.40,,,0.00,9.66,0.00,5.91,17.11
12/05/2025 02:15,7.91,13.85,3.40,,,0.00,9.66,0.00,5.91,17.11
12/05/2025 02:45,7.92,13.79,3.41,0.17,0.14,0.00,11.15,0.12,5.91,17.05
12/05/2025 02:45,7.92,13.79,3.41,0.17,0.14,0.00,11.15,0.12,5.91,17.05
12/05/2025 03:15,7.92,13.75,3.42,,,0.00,12.38,0.17,5.91,16.98
12/05/2025 03:15,7.92,13.75,3.42,,,0.00,12.38,0.17,5.91,16.98
12/05/2025 03:45,7.92,13.71,3.36,,,0.00,11.43,0.15,5.91,16.91
12/05/2025 03:45,7.92,13.71,3.36,,,0.00,11.43,0.15,5.91,16.91
12/05/2025 04:15,7.92,13.68,3.41,,,0.00,11.45,0.09,5.91,16.85
12/05/2025 04:15,7.92,13.68,3.41,,,0.00,11.45,0.09,5.91,16.85
12/05/2025 04:45,7.93,13.65,3.39,,,0.00,10.48,0.23,5.91,16.79
12/05/2025 04:45,7.93,13.65,3.39,,,0.00,10.48,0.23,5.91,16.79
12/05/2025 05:15,7.93,13.62,3.41,,,0.00,7.85,0.00,5.91,16.73
12/05/2025 05:15,7.93,13.62,3.41,,,0.00,7.85,0.00,5.91,16.73
12/05/2025 05:45,7.94,13.58,3.37,,,0.00,11.14,0.08,5.91,16.67
12/05/2025 05:45,7.94,13.58,3.37,,,0.00,11.14,0.08,5.91,16.67
12/05/2025 06:15,7.93,13.55,3.41,0.17,0.14,0.00,11.61,0.10,5.91,16.61
12/05/2025 06:15,7.93,13.55,3.41,0.17,0.14,0.00,11.61,0.10,5.91,16.61
12/05/2025 06:45,7.93,13.51,3.41,,,0.00,8.99,0.16,5.91,16.54
12/05/2025 06:45,7.93,13.51,3.41,,,0.00,8.99,0.16,5.91,16.54
12/05/2025 07:15,7.93,13.48,3.40,,,0.00,12.13,0.15,5.91,16.47
12/05/2025 07:15,7.93,13.48,3.40,,,0.00,12.13,0.15,5.91,16.47
12/05/2025 07:45,7.92,13.45,3.42,0.17,0.14,0.00,8.05,0.27,5.91,16.40
12/05/2025 07:45,7.92,13.45,3.42,0.17,0.14,0.00,8.05,0.27,5.91,16.40
12/05/2025 08:15,7.93,13.41,3.41,0.17,0.14,0.00,8.44,0.21,5.91,16.34
12/05/2025 08:15,7.93,13.41,3.41,0.17,0.14,0.00,8.44,0.21,5.91,16.34
12/05/2025 08:45,7.94,13.38,3.42,0.17,0.14,0.00,7.54,0.22,5.92,16.27
12/05/2025 08:45,7.94,13.38,3.42,0.17,0.14,0.00,7.54,0.22,5.92,16.27
12/05/2025 09:15,7.94,13.36,3.43,0.17,0.14,0.00,12.40,0.00,5.92,16.20
12/05/2025 09:15,7.94,13.36,3.43,0.17,0.14,0.00,12.40,0.00,5.92,16.20
12/05/2025 09:45,7.94,13.26,3.42,0.19,0.15,0.00,14.36,0.22,5.92,16.14
12/05/2025 09:45,7.94,13.26,3.42,0.19,0.15,0.00,14.36,0.22,5.92,16.14
12/05/2025 10:15,7.93,13.32,3.42,9.70,8.08,0.00,11.72,0.24,5.92,16.08
12/05/2025 10:15,7.93,13.32,3.42,9.70,8.08,0.00,11.72,0.24,5.92,16.08
12/05/2025 10:45,7.94,13.31,3.36,33.47,27.90,0.00,6.44,0.19,5.92,16.03
12/05/2025 10:45,7.94,13.31,3.36,33.47,27.90,0.00,6.44,0.19,5.92,16.03
12/05/2025 11:15,7.93,13.30,3.44,67.85,56.54,0.00,13.34,0.08,5.92,15.98
12/05/2025 11:15,7.93,13.30,3.44,67.85,56.54,0.00,13.34,0.08,5.92,15.98
12/05/2025 11:45,7.94,13.31,3.35,107.74,89.79,0.00,11.51,11.81,5.92,15.94
12/05/2025 11:45,7.94,13.31,3.35,107.74,89.79,0.00,11.51,11.81,5.92,15.94
12/05/2025 12:15,7.93,13.33,3.40,137.23,114.36,0.00,18.61,17.14,5.92,15.91
12/05/2025 12:15,7.93,13.33,3.40,137.23,114.36,0.00,18.61,17.14,5.92,15.91
12/05/2025 12:45,7.94,13.39,3.36,230.03,191.69,0.00,8.25,14.70,5.92,15.89
12/05/2025 12:45,7.94,13.39,3.36,230.03,191.69,0.00,8.25,14.70,5.92,15.89
12/05/2025 13:15,7.94,13.49,3.37,219.20,182.66,0.00,11.14,15.19,5.92,15.89
12/05/2025 13:15,7.94,13.49,3.37,219.20,182.66,0.00,11.14,15.19,5.92,15.89
12/05/2025 13:45,7.94,13.54,3.40,122.64,102.20,0.00,7.37,9.13,5.92,15.90
12/05/2025 13:45,7.94,13.54,3.40,122.64,102.20,0.00,7.37,9.13,5.92,15.90
12/05/2025 14:15,7.95,13.62,3.43,116.13,96.78,0.00,7.13,9.07,5.92,15.94
12/05/2025 14:15,7.95,13.62,3.43,116.13,96.78,0.00,7.13,9.07,5.92,15.94
12/05/2025 14:45,7.95,13.68,3.43,286.25,238.54,0.00,20.31,15.21,5.92,16.01
12/05/2025 14:45,7.95,13.68,3.43,286.25,238.54,0.00,20.31,15.21,5.92,16.01
12/05/2025 15:15,7.95,13.72,3.38,99.01,82.51,0.00,8.58,8.92,5.92,16.11
12/05/2025 15:15,7.95,13.72,3.38,99.01,82.51,0.00,8.58,8.92,5.92,16.11
12/05/2025 15:45,7.95,13.76,3.40,97.85,81.55,0.00,8.17,10.24,5.92,16.20
12/05/2025 15:45,7.95,13.76,3.40,97.85,81.55,0.00,8.17,10.24,5.92,16.20
12/05/2025 16:15,7.97,13.71,3.40,121.87,101.56,0.00,10.03,13.07,5.92,16.22
12/05/2025 16:15,7.97,13.71,3.40,121.87,101.56,0.00,10.03,13.07,5.92,16.22
12/05/2025 16:45,7.98,13.68,3.38,111.65,93.04,0.00,15.55,15.68,5.92,16.24
12/05/2025 16:45,7.98,13.68,3.38,111.65,93.04,0.00,15.55,15.68,5.92,16.24
12/05/2025 17:15,7.98,13.68,3.38,109.19,91.00,0.00,13.77,12.35,5.92,16.27
12/05/2025 17:15,7.98,13.68,3.38,109.19,91.00,0.00,13.77,12.35,5.92,16.27
12/05/2025 17:45,7.97,13.71,3.46,100.59,83.83,0.00,9.54,10.85,5.91,16.29
12/05/2025 17:45,7.97,13.71,3.46,100.59,83.83,0.00,9.54,10.85,5.91,16.29
12/05/2025 18:15,7.98,13.73,3.36,106.24,88.53,0.00,12.39,15.82,5.91,16.30
12/05/2025 18:15,7.98,13.73,3.36,106.24,88.53,0.00,12.39,15.82,5.91,16.30
12/05/2025 18:45,7.98,13.73,3.38,44.17,36.81,0.00,8.39,10.02,5.92,16.29
12/05/2025 18:45,7.98,13.73,3.38,44.17,36.81,0.00,8.39,10.02,5.92,16.29
12/05/2025 19:15,7.99,13.71,3.42,7.78,6.48,0.00,13.79,0.06,5.92,16.24
12/05/2025 19:15,7.99,13.71,3.42,7.78,6.48,0.00,13.79,0.06,5.92,16.24
12/05/2025 19:45,7.99,13.66,3.38,28.20,23.50,0.00,18.15,0.06,5.92,16.15
12/05/2025 19:45,7.99,13.66,3.38,28.20,23.50,0.00,18.15,0.06,5.92,16.15
12/05/2025 20:15,7.99,13.64,3.39,16.71,13.92,0.00,8.56,0.06,5.92,16.09
12/05/2025 20:15,7.99,13.64,3.39,16.71,13.92,0.00,8.56,0.06,5.92,16.09
12/05/2025 20:45,7.99,13.63,3.42,14.43,12.02,0.00,8.49,0.00,5.92,16.04
12/05/2025 20:45,7.99,13.63,3.42,14.43,12.02,0.00,8.49,0.00,5.92,16.04
12/05/2025 21:15,7.99,13.63,3.44,28.65,23.88,0.00,6.47,0.00,5.92,16.00
12/05/2025 21:15,7.99,13.63,3.44,28.65,23.88,0.00,6.47,0.00,5.92,16.00
12/05/2025 21:45,7.99,13.64,3.42,20.42,17.01,0.00,18.51,0.15,5.92,15.98
12/05/2025 21:45,7.99,13.64,3.42,20.42,17.01,0.00,18.51,0.15,5.92,15.98
12/05/2025 22:15,8.00,13.66,3.38,14.32,11.93,0.00,8.89,0.07,5.92,15.95
12/05/2025 22:15,8.00,13.66,3.38,14.32,11.93,0.00,8.89,0.07,5.92,15.95
12/05/2025 22:45,8.01,13.66,3.42,10.80,9.00,0.00,8.29,0.00,5.92,15.92
12/05/2025 22:45,8.01,13.66,3.42,10.80,9.00,0.00,8.29,0.00,5.92,15.92
12/05/2025 23:15,8.01,13.67,3.40,7.57,6.31,0.00,9.49,0.00,5.92,15.88
12/05/2025 23:15,8.01,13.67,3.40,7.57,6.31,0.00,9.49,0.00,5.92,15.88
12/05/2025 23:45,8.01,13.67,3.40,4.62,3.85,0.00,13.34,-0.07,5.92,15.84
12/05/2025 23:45,8.01,13.67,3.40,4.62,3.85,0.00,13.34,-0.07,5.92,15.84
13/05/2025 00:15,8.01,13.67,3.40,1.92,1.60,0.00,14.10,0.08,5.92,15.80
13/05/2025 00:15,8.01,13.67,3.40,1.92,1.60,0.00,14.10,0.08,5.92,15.80
13/05/2025 00:45,8.02,13.66,3.37,1.72,1.43,0.00,10.34,0.07,5.92,15.75
13/05/2025 00:45,8.02,13.66,3.37,1.72,1.43,0.00,10.34,0.07,5.92,15.75
13/05/2025 01:15,8.03,13.66,3.38,2.25,1.88,0.00,9.15,0.00,5.92,15.70
13/05/2025 01:15,8.03,13.66,3.38,2.25,1.88,0.00,9.15,0.00,5.92,15.70
13/05/2025 01:45,8.03,13.65,3.37,2.54,2.11,0.00,14.04,0.09,5.92,15.66
13/05/2025 01:45,8.03,13.65,3.37,2.54,2.11,0.00,14.04,0.09,5.92,15.66
13/05/2025 02:15,8.04,13.64,3.39,2.37,1.98,0.00,10.67,0.06,5.92,15.61
13/05/2025 02:15,8.04,13.64,3.39,2.37,1.98,0.00,10.67,0.06,5.92,15.61
13/05/2025 02:45,8.05,13.64,3.37,2.46,2.05,0.00,15.34,0.00,5.92,15.57
13/05/2025 02:45,8.05,13.64,3.37,2.46,2.05,0.00,15.34,0.00,5.92,15.57
13/05/2025 03:15,8.05,13.63,3.39,3.07,2.55,0.00,9.54,0.06,5.92,15.53
13/05/2025 03:15,8.05,13.63,3.39,3.07,2.55,0.00,9.54,0.06,5.92,15.53
13/05/2025 03:45,8.05,13.63,3.39,3.64,3.03,0.00,11.07,0.00,5.92,15.49
13/05/2025 03:45,8.05,13.63,3.39,3.64,3.03,0.00,11.07,0.00,5.92,15.49
13/05/2025 04:15,8.05,13.62,3.38,3.85,3.21,0.00,11.56,0.14,5.92,15.44
13/05/2025 04:15,8.05,13.62,3.38,3.85,3.21,0.00,11.56,0.14,5.92,15.44
13/05/2025 04:45,8.05,13.61,3.42,1.57,1.31,0.00,20.00,-0.07,5.92,15.40
13/05/2025 04:45,8.05,13.61,3.42,1.57,1.31,0.00,20.00,-0.07,5.92,15.40
13/05/2025 05:15,8.06,13.61,3.35,1.49,1.24,0.00,31.55,-0.06,5.92,15.35
13/05/2025 05:15,8.06,13.61,3.35,1.49,1.24,0.00,31.55,-0.06,5.92,15.35
13/05/2025 05:45,8.06,13.59,3.36,1.82,1.51,0.00,13.35,0.11,5.92,15.30
13/05/2025 05:45,8.06,13.59,3.36,1.82,1.51,0.00,13.35,0.11,5.92,15.30
13/05/2025 06:15,8.06,13.58,3.37,1.71,1.43,0.00,11.82,0.06,5.92,15.25
13/05/2025 06:15,8.06,13.58,3.37,1.71,1.43,0.00,11.82,0.06,5.92,15.25
13/05/2025 06:45,8.06,13.55,3.35,0.83,0.69,0.00,15.39,0.07,5.92,15.19
13/05/2025 06:45,8.06,13.55,3.35,0.83,0.69,0.00,15.39,0.07,5.92,15.19
13/05/2025 07:15,8.06,13.53,3.37,1.28,1.07,0.00,10.51,0.05,5.93,15.14
13/05/2025 07:15,8.06,13.53,3.37,1.28,1.07,0.00,10.51,0.05,5.93,15.14
13/05/2025 07:45,8.05,13.51,3.38,0.22,0.19,0.00,9.25,0.00,5.93,15.07
13/05/2025 07:45,8.05,13.51,3.38,0.22,0.19,0.00,9.25,0.00,5.93,15.07
13/05/2025 08:15,8.05,13.49,3.38,0.56,0.46,0.00,12.20,0.17,5.93,15.01
13/05/2025 08:15,8.05,13.49,3.38,0.56,0.46,0.00,12.20,0.17,5.93,15.01
13/05/2025 08:45,8.05,13.47,3.37,0.25,0.21,0.00,13.93,0.12,5.93,14.95
13/05/2025 08:45,8.05,13.47,3.37,0.25,0.21,0.00,13.93,0.12,5.93,14.95
13/05/2025 09:15,8.04,13.45,3.38,0.20,0.16,0.00,11.71,0.07,5.93,14.89
13/05/2025 09:15,8.04,13.45,3.38,0.20,0.16,0.00,11.71,0.07,5.93,14.89
13/05/2025 09:45,8.04,13.44,3.38,0.90,0.75,0.00,13.20,0.00,5.93,14.83
13/05/2025 09:45,8.04,13.44,3.38,0.90,0.75,0.00,13.20,0.00,5.93,14.83
13/05/2025 10:15,8.04,13.43,3.41,4.53,3.78,0.00,10.46,0.13,5.93,14.78
13/05/2025 10:15,8.04,13.43,3.41,4.53,3.78,0.00,10.46,0.13,5.93,14.78
13/05/2025 10:45,8.04,13.42,3.38,9.24,7.70,0.00,10.98,0.10,5.93,14.73
13/05/2025 10:45,8.04,13.42,3.38,9.24,7.70,0.00,10.98,0.10,5.93,14.73
13/05/2025 11:15,8.03,13.43,3.41,10.60,8.84,0.00,14.65,0.08,5.93,14.69
13/05/2025 11:15,8.03,13.43,3.41,10.60,8.84,0.00,14.65,0.08,5.93,14.69
13/05/2025 11:45,8.02,13.49,3.41,13.25,11.04,0.00,11.25,0.00,5.93,14.65
13/05/2025 11:45,8.02,13.49,3.41,13.25,11.04,0.00,11.25,0.00,5.93,14.65
13/05/2025 12:15,8.02,13.55,3.41,20.92,17.43,0.00,15.84,0.23,5.93,14.63
13/05/2025 12:15,8.02,13.55,3.41,20.92,17.43,0.00,15.84,0.23,5.93,14.63
13/05/2025 12:45,8.02,13.61,3.39,26.20,21.83,0.00,19.73,0.10,5.93,14.62
13/05/2025 12:45,8.02,13.61,3.39,26.20,21.83,0.00,19.73,0.10,5.93,14.62
13/05/2025 13:15,8.02,13.67,3.36,32.60,27.16,0.00,16.49,0.21,5.93,14.63
13/05/2025 13:15,8.02,13.67,3.36,32.60,27.16,0.00,16.49,0.21,5.93,14.63
13/05/2025 13:45,8.01,13.71,3.37,38.60,32.17,0.00,15.26,0.00,5.93,14.63
13/05/2025 13:45,8.01,13.71,3.37,38.60,32.17,0.00,15.26,0.00,5.93,14.63
13/05/2025 14:15,8.01,13.75,3.38,49.12,40.94,0.00,10.48,0.06,5.93,14.66
13/05/2025 14:15,8.01,13.75,3.38,49.12,40.94,0.00,10.48,0.06,5.93,14.66
13/05/2025 14:45,8.00,13.79,3.39,66.78,55.65,0.00,10.18,8.15,5.93,14.74
13/05/2025 14:45,8.00,13.79,3.39,66.78,55.65,0.00,10.18,8.15,5.93,14.74
13/05/2025 15:15,8.01,13.80,3.31,88.46,73.71,0.00,16.27,18.12,5.92,14.86
13/05/2025 15:15,8.01,13.80,3.31,88.46,73.71,0.00,16.27,18.12,5.92,14.86
13/05/2025 15:45,8.00,13.86,3.33,104.69,87.24,0.00,13.61,18.73,5.92,15.00
13/05/2025 15:45,8.00,13.86,3.33,104.69,87.24,0.00,13.61,18.73,5.92,15.00
13/05/2025 16:15,7.99,13.91,3.38,91.80,76.50,0.00,31.31,13.51,5.92,15.16
13/05/2025 16:15,7.99,13.91,3.38,91.80,76.50,0.00,31.31,13.51,5.92,15.16
13/05/2025 16:45,7.99,13.95,3.38,68.71,57.26,0.00,11.42,7.51,5.92,15.32
13/05/2025 16:45,7.99,13.95,3.38,68.71,57.26,0.00,11.42,7.51,5.92,15.32
13/05/2025 17:15,8.00,14.00,3.40,60.34,50.28,0.00,9.80,6.61,5.92,15.49
13/05/2025 17:15,8.00,14.00,3.40,60.34,50.28,0.00,9.80,6.61,5.92,15.49
13/05/2025 17:45,7.99,14.08,3.44,47.63,39.69,0.00,15.69,0.00,5.92,15.67
13/05/2025 17:45,7.99,14.08,3.44,47.63,39.69,0.00,15.69,0.00,5.92,15.67
13/05/2025 18:15,7.99,14.18,3.36,59.62,49.69,0.00,16.85,4.89,5.92,15.86
13/05/2025 18:15,7.99,14.18,3.36,59.62,49.69,0.00,16.85,4.89,5.92,15.86
13/05/2025 18:45,7.99,14.31,3.35,73.15,60.95,0.00,9.96,15.03,5.92,16.06
13/05/2025 18:45,7.99,14.31,3.35,73.15,60.95,0.00,9.96,15.03,5.92,16.06
13/05/2025 19:15,7.98,14.44,3.37,59.13,49.28,0.00,12.81,0.12,5.91,16.25
13/05/2025 19:15,7.98,14.44,3.37,59.13,49.28,0.00,12.81,0.12,5.91,16.25
13/05/2025 19:45,7.97,14.53,3.42,59.82,49.85,0.00,7.13,3.49,5.91,16.37
13/05/2025 19:45,7.97,14.53,3.42,59.82,49.85,0.00,7.13,3.49,5.91,16.37
13/05/2025 20:15,7.96,14.63,3.38,52.94,44.12,0.00,10.75,6.19,5.91,16.50
13/05/2025 20:15,7.96,14.63,3.38,52.94,44.12,0.00,10.75,6.19,5.91,16.50
13/05/2025 20:45,7.95,14.74,3.45,41.36,34.47,0.00,17.03,0.00,5.91,16.63
13/05/2025 20:45,7.95,14.74,3.45,41.36,34.47,0.00,17.03,0.00,5.91,16.63
13/05/2025 21:15,7.95,14.79,3.38,48.64,40.54,0.00,14.09,0.11,5.91,16.73
13/05/2025 21:15,7.95,14.79,3.38,48.64,40.54,0.00,14.09,0.11,5.91,16.73
13/05/2025 21:45,7.95,14.73,3.37,45.74,38.12,0.00,8.09,3.31,5.91,16.79
13/05/2025 21:45,7.95,14.73,3.37,45.74,38.12,0.00,8.09,3.31,5.91,16.79
13/05/2025 22:15,7.95,14.71,3.37,30.01,25.01,0.00,10.43,0.06,5.91,16.83
13/05/2025 22:15,7.95,14.71,3.37,30.01,25.01,0.00,10.43,0.06,5.91,16.83
13/05/2025 22:45,7.94,14.67,3.39,14.46,12.05,0.00,8.90,0.00,5.91,16.86
13/05/2025 22:45,7.94,14.67,3.39,14.46,12.05,0.00,8.90,0.00,5.91,16.86
13/05/2025 23:15,7.95,14.56,3.38,13.56,11.30,0.00,13.49,0.11,5.91,16.87
13/05/2025 23:15,7.95,14.56,3.38,13.56,11.30,0.00,13.49,0.11,5.91,16.87
13/05/2025 23:45,7.94,14.46,3.38,3.22,2.68,0.00,13.76,0.00,5.91,16.87
13/05/2025 23:45,7.94,14.46,3.38,3.22,2.68,0.00,13.76,0.00,5.91,16.87
14/05/2025 00:15,7.94,14.35,3.38,0.22,0.19,0.00,12.99,0.00,5.91,16.87
14/05/2025 00:15,7.94,14.35,3.38,0.22,0.19,0.00,12.99,0.00,5.91,16.87
14/05/2025 00:45,7.93,14.18,3.40,0.19,0.16,0.00,11.26,0.14,5.91,16.85
14/05/2025 00:45,7.93,14.18,3.40,0.19,0.16,0.00,11.26,0.14,5.91,16.85
14/05/2025 01:15,7.94,14.12,3.39,0.19,0.16,0.00,18.50,0.00,5.91,16.83
14/05/2025 01:15,7.94,14.12,3.39,0.19,0.16,0.00,18.50,0.00,5.91,16.83
14/05/2025 01:45,7.93,14.11,3.36,0.19,0.16,0.00,15.49,0.15,5.91,16.81
14/05/2025 01:45,7.93,14.11,3.36,0.19,0.16,0.00,15.49,0.15,5.91,16.81
14/05/2025 02:15,7.93,14.05,3.37,0.19,0.16,0.00,13.80,0.00,5.91,16.77
14/05/2025 02:15,7.93,14.05,3.37,0.19,0.16,0.00,13.80,0.00,5.91,16.77
14/05/2025 02:45,7.93,13.99,3.38,0.19,0.16,0.00,10.40,0.00,5.91,16.72
14/05/2025 02:45,7.93,13.99,3.38,0.19,0.16,0.00,10.40,0.00,5.91,16.72
14/05/2025 03:15,7.92,13.94,3.41,0.19,0.16,0.00,10.05,0.07,5.91,16.67
14/05/2025 03:15,7.92,13.94,3.41,0.19,0.16,0.00,10.05,0.07,5.91,16.67
14/05/2025 03:45,7.92,13.90,3.39,0.19,0.16,0.00,12.59,0.01,5.92,16.61
14/05/2025 03:45,7.92,13.90,3.39,0.19,0.16,0.00,12.59,0.01,5.92,16.61
14/05/2025 04:15,7.91,13.78,3.39,0.19,0.16,0.00,12.61,0.00,5.92,16.55
14/05/2025 04:15,7.91,13.78,3.39,0.19,0.16,0.00,12.61,0.00,5.92,16.55
14/05/2025 04:45,7.91,13.74,3.40,0.18,0.15,0.00,18.30,0.06,5.92,16.49
14/05/2025 04:45,7.91,13.74,3.40,0.18,0.15,0.00,18.30,0.06,5.92,16.49
14/05/2025 05:15,7.91,13.73,3.34,0.18,0.15,0.00,14.38,0.00,5.92,16.43
14/05/2025 05:15,7.91,13.73,3.34,0.18,0.15,0.00,14.38,0.00,5.92,16.43
14/05/2025 05:45,7.90,13.75,3.36,0.18,0.15,0.00,10.19,0.06,5.92,16.38
14/05/2025 05:45,7.90,13.75,3.36,0.18,0.15,0.00,10.19,0.06,5.92,16.38
14/05/2025 06:15,7.90,13.71,3.35,0.18,0.15,0.00,10.18,0.06,5.92,16.31
14/05/2025 06:15,7.90,13.71,3.35,0.18,0.15,0.00,10.18,0.06,5.92,16.31
14/05/2025 06:45,7.90,13.67,3.37,0.18,0.15,0.00,12.01,0.00,5.92,16.24
14/05/2025 06:45,7.90,13.67,3.37,0.18,0.15,0.00,12.01,0.00,5.92,16.24
14/05/2025 07:15,7.90,13.64,3.37,0.18,0.15,0.00,12.63,0.06,5.92,16.17
14/05/2025 07:15,7.90,13.64,3.37,0.18,0.15,0.00,12.63,0.06,5.92,16.17
14/05/2025 07:45,7.90,13.62,3.37,0.18,0.15,0.00,11.79,0.06,5.92,15.95
14/05/2025 07:45,7.90,13.62,3.37,0.18,0.15,0.00,11.79,0.06,5.92,15.95
14/05/2025 08:15,7.89,13.58,3.40,0.18,0.15,0.00,12.00,0.00,5.92,15.96
14/05/2025 08:15,7.89,13.58,3.40,0.18,0.15,0.00,12.00,0.00,5.92,15.96
14/05/2025 08:45,7.89,13.55,3.40,0.18,0.15,0.00,13.08,0.10,5.92,15.95
14/05/2025 08:45,7.89,13.55,3.40,0.18,0.15,0.00,13.08,0.10,5.92,15.95
14/05/2025 09:15,7.89,13.52,3.41,0.18,0.15,0.00,14.18,0.12,5.92,15.88
14/05/2025 09:15,7.89,13.52,3.41,0.18,0.15,0.00,14.18,0.12,5.92,15.88
14/05/2025 09:45,7.89,13.48,3.39,0.19,0.16,0.00,40.14,0.17,5.92,15.80
14/05/2025 09:45,7.89,13.48,3.39,0.19,0.16,0.00,40.14,0.17,5.92,15.80
14/05/2025 10:15,7.89,13.43,3.37,1.53,1.28,0.00,14.00,0.00,5.92,15.73
14/05/2025 10:15,7.89,13.43,3.37,1.53,1.28,0.00,14.00,0.00,5.92,15.73
14/05/2025 10:45,7.89,13.35,3.36,3.90,3.25,0.00,13.13,0.00,5.92,15.66
14/05/2025 10:45,7.89,13.35,3.36,3.90,3.25,0.00,13.13,0.00,5.92,15.66
14/05/2025 11:15,7.89,13.33,3.37,11.64,9.70,0.00,11.41,0.07,5.93,15.59
14/05/2025 11:15,7.89,13.33,3.37,11.64,9.70,0.00,11.41,0.07,5.93,15.59
14/05/2025 11:45,7.89,13.36,3.38,26.57,22.14,0.00,11.64,0.00,5.93,15.54
14/05/2025 11:45,7.89,13.36,3.38,26.57,22.14,0.00,11.64,0.00,5.93,15.54
14/05/2025 12:15,7.89,13.43,3.38,41.09,34.24,0.00,14.45,0.06,5.93,15.51
14/05/2025 12:15,7.89,13.43,3.38,41.09,34.24,0.00,14.45,0.06,5.93,15.51
14/05/2025 12:45,7.88,13.51,3.39,50.07,41.73,0.00,13.08,0.05,5.93,15.49
14/05/2025 12:45,7.88,13.51,3.39,50.07,41.73,0.00,13.08,0.05,5.93,15.49
14/05/2025 13:15,7.88,13.57,3.41,56.09,46.74,0.00,12.01,0.00,5.93,15.49
14/05/2025 13:15,7.88,13.57,3.41,56.09,46.74,0.00,12.01,0.00,5.93,15.49
14/05/2025 13:45,7.88,13.68,3.41,67.02,55.85,0.00,12.90,4.03,5.93,15.48
14/05/2025 13:45,7.88,13.68,3.41,67.02,55.85,0.00,12.90,4.03,5.93,15.48
14/05/2025 14:15,7.89,13.77,3.40,80.00,66.67,0.00,17.71,15.91,5.92,15.50
14/05/2025 14:15,7.89,13.77,3.40,80.00,66.67,0.00,17.71,15.91,5.92,15.50
14/05/2025 14:45,7.89,13.80,3.37,96.83,80.69,0.00,16.15,24.10,5.92,15.59
14/05/2025 14:45,7.89,13.80,3.37,96.83,80.69,0.00,16.15,24.10,5.92,15.59
14/05/2025 15:15,7.90,13.84,3.36,97.68,81.40,0.00,12.00,16.40,5.92,15.71
14/05/2025 15:15,7.90,13.84,3.36,97.68,81.40,0.00,12.00,16.40,5.92,15.71
14/05/2025 15:45,7.90,13.88,3.36,98.87,82.39,0.00,12.94,15.93,5.92,15.86
14/05/2025 15:45,7.90,13.88,3.36,98.87,82.39,0.00,12.94,15.93,5.92,15.86
14/05/2025 16:15,7.90,13.93,3.38,86.44,72.03,0.00,11.78,16.38,5.92,16.02
14/05/2025 16:15,7.90,13.93,3.38,86.44,72.03,0.00,11.78,16.38,5.92,16.02
14/05/2025 16:45,7.91,13.98,3.38,65.65,54.71,0.00,12.23,13.02,5.92,16.20
14/05/2025 16:45,7.91,13.98,3.38,65.65,54.71,0.00,12.23,13.02,5.92,16.20
14/05/2025 17:15,7.90,13.99,3.40,77.69,64.74,0.00,9.65,8.69,5.92,16.42
14/05/2025 17:15,7.90,13.99,3.40,77.69,64.74,0.00,9.65,8.69,5.92,16.42
14/05/2025 17:45,7.86,14.17,3.38,61.52,51.27,0.00,0.00,0.00,5.91,16.65
14/05/2025 17:45,7.86,14.17,3.38,61.52,51.27,0.00,0.00,0.00,5.91,16.65
14/05/2025 18:15,7.76,14.40,3.38,49.23,41.03,0.00,0.00,0.00,5.91,16.78
14/05/2025 18:15,7.76,14.40,3.38,49.23,41.03,0.00,0.00,0.00,5.91,16.78
14/05/2025 18:45,7.71,14.58,3.38,37.92,31.60,0.00,0.00,0.00,5.91,16.92
14/05/2025 18:45,7.71,14.58,3.38,37.92,31.60,0.00,0.00,0.00,5.91,16.92
14/05/2025 19:15,7.67,14.79,3.38,30.88,25.74,0.00,3.65,0.00,5.91,17.10
14/05/2025 19:15,7.67,14.79,3.38,30.88,25.74,0.00,3.65,0.00,5.91,17.10
14/05/2025 19:45,7.82,14.44,3.38,19.72,16.43,0.00,50.00,0.81,5.91,17.23
14/05/2025 19:45,7.82,14.44,3.38,19.72,16.43,0.00,50.00,0.81,5.91,17.23
14/05/2025 20:15,7.87,14.39,3.38,19.86,16.55,0.00,5.18,0.00,5.91,17.32
14/05/2025 20:15,7.87,14.39,3.38,19.86,16.55,0.00,5.18,0.00,5.91,17.32
14/05/2025 20:45,7.89,14.46,3.38,35.53,29.61,0.00,34.31,1.55,5.91,17.42
14/05/2025 20:45,7.89,14.46,3.38,35.53,29.61,0.00,34.31,1.55,5.91,17.42
14/05/2025 21:15,7.87,14.53,3.38,18.77,15.64,0.00,0.00,0.00,5.91,17.53
14/05/2025 21:15,7.87,14.53,3.38,18.77,15.64,0.00,0.00,0.00,5.91,17.53
14/05/2025 21:45,7.76,14.73,3.38,7.91,6.59,0.00,0.00,0.00,5.91,17.64
14/05/2025 21:45,7.76,14.73,3.38,7.91,6.59,0.00,0.00,0.00,5.91,17.64
14/05/2025 22:15,7.69,14.85,3.38,9.97,8.31,0.00,0.00,0.00,5.91,17.72
14/05/2025 22:15,7.69,14.85,3.38,9.97,8.31,0.00,0.00,0.00,5.91,17.72
14/05/2025 22:45,7.65,14.96,3.38,4.95,4.12,0.00,0.00,0.00,5.91,17.81
14/05/2025 22:45,7.65,14.96,3.38,4.95,4.12,0.00,0.00,0.00,5.91,17.81
14/05/2025 23:15,7.63,15.05,3.38,0.36,0.30,0.00,4.30,0.00,5.91,17.86
14/05/2025 23:15,7.63,15.05,3.38,0.36,0.30,0.00,4.30,0.00,5.91,17.86
14/05/2025 23:45,7.79,14.56,3.38,0.19,0.16,0.00,52.73,0.87,5.91,17.88
14/05/2025 23:45,7.79,14.56,3.38,0.19,0.16,0.00,52.73,0.87,5.91,17.88
15/05/2025 00:15,7.90,14.14,3.38,0.19,0.16,0.00,30.59,0.38,5.91,17.87
15/05/2025 00:15,7.90,14.14,3.38,0.19,0.16,0.00,30.59,0.38,5.91,17.87
15/05/2025 00:45,7.87,14.10,3.38,0.18,0.15,0.00,0.00,0.00,5.91,17.86
15/05/2025 00:45,7.87,14.10,3.38,0.18,0.15,0.00,0.00,0.00,5.91,17.86
15/05/2025 01:15,7.82,14.11,3.38,0.18,0.15,0.00,6.86,0.00,5.91,17.84
15/05/2025 01:15,7.82,14.11,3.38,0.18,0.15,0.00,6.86,0.00,5.91,17.84
15/05/2025 01:45,7.84,14.01,3.38,2.16,1.80,0.00,59.31,0.41,5.91,17.81
15/05/2025 01:45,7.84,14.01,3.38,2.16,1.80,0.00,59.31,0.41,5.91,17.81
15/05/2025 02:15,7.93,13.92,3.38,0.16,0.13,0.00,61.29,0.13,5.91,17.76
15/05/2025 02:15,7.93,13.92,3.38,0.16,0.13,0.00,61.29,0.13,5.91,17.76
15/05/2025 02:45,7.92,13.88,3.38,0.16,0.13,0.00,35.04,0.00,5.91,17.70
15/05/2025 02:45,7.92,13.88,3.38,0.16,0.13,0.00,35.04,0.00,5.91,17.70
15/05/2025 03:15,7.89,13.82,3.38,0.16,0.13,0.00,42.39,0.00,5.91,17.63
15/05/2025 03:15,7.89,13.82,3.38,0.16,0.13,0.00,42.39,0.00,5.91,17.63
15/05/2025 03:45,7.89,13.77,3.38,0.16,0.13,0.00,55.20,0.00,5.91,17.56
15/05/2025 03:45,7.89,13.77,3.38,0.16,0.13,0.00,55.20,0.00,5.91,17.56
15/05/2025 04:15,7.89,13.72,3.38,0.16,0.13,0.00,53.15,0.00,5.91,17.49
15/05/2025 04:15,7.89,13.72,3.38,0.16,0.13,0.00,53.15,0.00,5.91,17.49
15/05/2025 04:45,7.89,13.68,3.38,0.16,0.13,0.00,19.05,0.00,5.91,17.41
15/05/2025 04:45,7.89,13.68,3.38,0.16,0.13,0.00,19.05,0.00,5.91,17.41
15/05/2025 05:15,7.89,13.64,3.38,0.16,0.14,0.00,56.09,0.00,5.92,17.32
15/05/2025 05:15,7.89,13.64,3.38,0.16,0.14,0.00,56.09,0.00,5.92,17.32
15/05/2025 05:45,7.88,13.59,3.72,0.16,0.14,0.00,60.51,0.00,5.92,17.24
15/05/2025 05:45,7.88,13.59,3.72,0.16,0.14,0.00,60.51,0.00,5.92,17.24
15/05/2025 06:15,7.88,13.56,4.07,0.17,0.14,0.00,41.10,0.00,5.92,17.15
15/05/2025 06:15,7.88,13.56,4.07,0.17,0.14,0.00,41.10,0.00,5.92,17.15
15/05/2025 06:45,7.88,13.51,4.07,0.17,0.14,0.00,31.65,0.00,5.92,17.07
15/05/2025 06:45,7.88,13.51,4.07,0.17,0.14,0.00,31.65,0.00,5.92,17.07
15/05/2025 07:15,7.88,13.48,4.07,0.17,0.15,0.00,56.65,0.00,5.92,16.99
15/05/2025 07:15,7.88,13.48,4.07,0.17,0.15,0.00,56.65,0.00,5.92,16.99
15/05/2025 07:45,7.88,13.45,4.07,0.18,0.15,0.00,39.01,0.00,5.92,16.91
15/05/2025 07:45,7.88,13.45,4.07,0.18,0.15,0.00,39.01,0.00,5.92,16.91
15/05/2025 08:15,7.88,13.43,4.07,0.18,0.15,0.00,86.91,0.00,5.92,16.83
15/05/2025 08:15,7.88,13.43,4.07,0.18,0.15,0.00,86.91,0.00,5.92,16.83
15/05/2025 08:45,7.88,13.39,4.07,0.18,0.15,0.00,31.77,0.00,5.92,16.76
15/05/2025 08:45,7.88,13.39,4.07,0.18,0.15,0.00,31.77,0.00,5.92,16.76
15/05/2025 09:15,7.88,13.37,4.07,3.33,2.78,0.00,56.75,0.00,5.92,16.68
15/05/2025 09:15,7.88,13.37,4.07,3.33,2.78,0.00,56.75,0.00,5.92,16.68
15/05/2025 09:45,7.88,13.34,4.07,30.89,25.74,0.00,74.20,0.00,5.92,16.60
15/05/2025 09:45,7.88,13.34,4.07,30.89,25.74,0.00,74.20,0.00,5.92,16.60
15/05/2025 10:15,7.88,13.31,4.07,66.94,55.79,0.00,72.79,3.21,5.92,16.51
15/05/2025 10:15,7.88,13.31,4.07,66.94,55.79,0.00,72.79,3.21,5.92,16.51
15/05/2025 10:45,7.88,13.28,4.07,133.70,111.42,0.00,71.17,20.07,5.92,16.43
15/05/2025 10:45,7.88,13.28,4.07,133.70,111.42,0.00,71.17,20.07,5.92,16.43
15/05/2025 11:15,7.89,13.29,4.07,264.74,220.62,0.00,47.79,17.37,5.92,16.36
15/05/2025 11:15,7.89,13.29,4.07,264.74,220.62,0.00,47.79,17.37,5.92,16.36
15/05/2025 11:45,7.86,13.35,4.07,372.98,310.82,0.00,0.00,0.11,5.92,16.32
15/05/2025 11:45,7.86,13.35,4.07,372.98,310.82,0.00,0.00,0.11,5.92,16.32
15/05/2025 12:15,7.78,13.53,4.07,284.02,236.69,0.00,0.00,0.00,5.92,16.29
15/05/2025 12:15,7.78,13.53,4.07,284.02,236.69,0.00,0.00,0.00,5.92,16.29
15/05/2025 12:45,7.73,13.71,4.07,71.14,59.29,0.00,0.00,0.00,5.92,16.27
15/05/2025 12:45,7.73,13.71,4.07,71.14,59.29,0.00,0.00,0.00,5.92,16.27
15/05/2025 13:15,7.70,13.90,3.86,36.05,30.04,0.00,0.00,0.00,5.97,16.20
15/05/2025 13:15,7.70,13.90,3.86,36.05,30.04,0.00,0.00,0.00,5.97,16.20
15/05/2025 13:45,7.73,13.94,3.84,37.47,31.23,18.77,11.68,2.61,6.22,15.69
15/05/2025 13:45,7.73,13.94,3.84,37.47,31.23,18.77,11.68,2.61,6.22,15.69
15/05/2025 14:15,7.82,13.82,3.65,51.09,42.58,32.98,20.19,0.07,6.30,15.20
15/05/2025 14:15,7.82,13.82,3.65,51.09,42.58,32.98,20.19,0.07,6.30,15.20
15/05/2025 14:45,7.85,13.83,3.64,71.71,59.76,27.32,15.67,4.13,6.28,14.87
15/05/2025 14:45,7.85,13.83,3.64,71.71,59.76,27.32,15.67,4.13,6.28,14.87
15/05/2025 15:15,7.87,13.95,3.58,83.16,69.30,29.57,15.49,15.17,6.19,14.67
15/05/2025 15:15,7.87,13.95,3.58,83.16,69.30,29.57,15.49,15.17,6.19,14.67
15/05/2025 15:45,7.88,14.02,3.59,91.65,76.38,36.40,48.55,15.78,6.19,14.57
15/05/2025 15:45,7.88,14.02,3.59,91.65,76.38,36.40,48.55,15.78,6.19,14.57
15/05/2025 16:15,7.88,14.01,3.52,85.88,71.57,22.45,12.82,16.29,6.25,14.48
15/05/2025 16:15,7.88,14.01,3.52,85.88,71.57,22.45,12.82,16.29,6.25,14.48
15/05/2025 16:45,7.89,14.14,3.62,75.52,62.93,62.80,41.71,7.49,6.20,14.53
15/05/2025 16:45,7.89,14.14,3.62,75.52,62.93,62.80,41.71,7.49,6.20,14.53
15/05/2025 17:15,7.88,14.23,3.65,92.81,77.34,21.38,27.10,12.66,6.25,14.57
15/05/2025 17:15,7.88,14.23,3.65,92.81,77.34,21.38,27.10,12.66,6.25,14.57
15/05/2025 17:45,7.89,14.29,3.63,84.53,70.44,24.03,9.45,16.99,6.18,14.64
15/05/2025 17:45,7.89,14.29,3.63,84.53,70.44,24.03,9.45,16.99,6.18,14.64
15/05/2025 18:15,7.90,14.35,3.62,83.86,69.88,33.36,15.94,14.28,6.20,14.68
15/05/2025 18:15,7.90,14.35,3.62,83.86,69.88,33.36,15.94,14.28,6.20,14.68
15/05/2025 18:45,7.89,14.42,3.63,56.71,47.26,19.45,24.05,1.50,6.21,14.73
15/05/2025 18:45,7.89,14.42,3.63,56.71,47.26,19.45,24.05,1.50,6.21,14.73
15/05/2025 19:15,7.89,14.48,3.62,41.64,34.70,19.79,43.65,0.00,6.21,14.81
15/05/2025 19:15,7.89,14.48,3.62,41.64,34.70,19.79,43.65,0.00,6.21,14.81
15/05/2025 19:45,7.88,14.57,3.62,53.07,44.23,23.85,12.14,-0.07,6.21,14.91
15/05/2025 19:45,7.88,14.57,3.62,53.07,44.23,23.85,12.14,-0.07,6.21,14.91
15/05/2025 20:15,7.88,14.62,3.63,47.73,39.78,19.73,10.11,0.00,6.19,14.97
15/05/2025 20:15,7.88,14.62,3.63,47.73,39.78,19.73,10.11,0.00,6.19,14.97
15/05/2025 20:45,7.89,14.64,3.64,32.01,26.67,32.98,17.18,0.00,6.17,15.00
15/05/2025 20:45,7.89,14.64,3.64,32.01,26.67,32.98,17.18,0.00,6.17,15.00
15/05/2025 21:15,7.89,14.65,3.63,22.75,18.96,35.92,34.46,0.00,6.16,15.04
15/05/2025 21:15,7.89,14.65,3.63,22.75,18.96,35.92,34.46,0.00,6.16,15.04
15/05/2025 21:45,7.88,14.64,3.66,14.21,11.84,22.82,15.55,0.00,6.21,15.04
15/05/2025 21:45,7.88,14.64,3.66,14.21,11.84,22.82,15.55,0.00,6.21,15.04
15/05/2025 22:15,7.87,14.61,3.63,18.30,15.25,20.01,11.45,0.00,6.21,14.98
15/05/2025 22:15,7.87,14.61,3.63,18.30,15.25,20.01,11.45,0.00,6.21,14.98
15/05/2025 22:45,7.88,14.57,3.64,6.30,5.25,24.99,46.30,0.00,6.19,14.93
15/05/2025 22:45,7.88,14.57,3.64,6.30,5.25,24.99,46.30,0.00,6.19,14.93
15/05/2025 23:15,7.88,14.50,3.61,1.47,1.22,20.00,11.65,0.00,6.12,14.87
15/05/2025 23:15,7.88,14.50,3.61,1.47,1.22,20.00,11.65,0.00,6.12,14.87
15/05/2025 23:45,7.89,14.40,3.57,0.20,0.16,14.91,14.18,1.36,6.00,14.83
15/05/2025 23:45,7.89,14.40,3.57,0.20,0.16,14.91,14.18,1.36,6.00,14.83
16/05/2025 00:15,7.88,14.29,3.67,0.19,0.16,18.10,17.21,0.00,5.95,14.74
16/05/2025 00:15,7.88,14.29,3.67,0.19,0.16,18.10,17.21,0.00,5.95,14.74
16/05/2025 00:45,7.90,14.15,3.50,0.19,0.16,7.81,21.73,1.60,6.02,14.68
16/05/2025 00:45,7.90,14.15,3.50,0.19,0.16,7.81,21.73,1.60,6.02,14.68
16/05/2025 01:15,7.89,14.06,3.16,0.19,0.16,46.75,36.48,10.30,6.04,14.53
16/05/2025 01:15,7.89,14.06,3.16,0.19,0.16,46.75,36.48,10.30,6.04,14.53
16/05/2025 01:45,7.86,14.01,2.98,0.19,0.16,0.00,0.00,0.00,6.04,14.38
16/05/2025 01:45,7.86,14.01,2.98,0.19,0.16,0.00,0.00,0.00,6.04,14.38
16/05/2025 02:15,7.82,13.99,3.58,0.19,0.16,11.39,8.51,0.00,6.04,14.37
16/05/2025 02:15,7.82,13.99,3.58,0.19,0.16,11.39,8.51,0.00,6.04,14.37
16/05/2025 02:45,7.84,13.96,3.63,0.19,0.16,35.38,0.00,0.00,6.04,14.30
16/05/2025 02:45,7.84,13.96,3.63,0.19,0.16,35.38,0.00,0.00,6.04,14.30
16/05/2025 03:15,7.82,13.93,3.62,0.19,0.16,48.33,19.20,0.09,6.00,14.23
16/05/2025 03:15,7.82,13.93,3.62,0.19,0.16,48.33,19.20,0.09,6.00,14.23
16/05/2025 03:45,7.85,13.90,3.58,0.19,0.16,36.12,0.00,0.25,5.97,14.19
16/05/2025 03:45,7.85,13.90,3.58,0.19,0.16,36.12,0.00,0.25,5.97,14.19
16/05/2025 04:15,7.83,13.85,3.62,0.19,0.16,20.36,7.69,0.15,5.97,14.13
16/05/2025 04:15,7.83,13.85,3.62,0.19,0.16,20.36,7.69,0.15,5.97,14.13
16/05/2025 04:45,7.86,13.78,3.67,0.44,0.36,24.39,14.61,0.38,5.99,14.08
16/05/2025 04:45,7.86,13.78,3.67,0.44,0.36,24.39,14.61,0.38,5.99,14.08
16/05/2025 05:15,7.87,13.74,3.53,0.19,0.16,67.72,3.75,0.17,5.99,14.04
16/05/2025 05:15,7.87,13.74,3.53,0.19,0.16,67.72,3.75,0.17,5.99,14.04
16/05/2025 05:45,7.85,13.69,3.54,0.19,0.16,20.14,6.77,-0.05,6.00,14.01
16/05/2025 05:45,7.85,13.69,3.54,0.19,0.16,20.14,6.77,-0.05,6.00,14.01
16/05/2025 06:15,7.85,13.66,3.20,0.19,0.16,41.17,0.00,0.39,5.99,13.98
16/05/2025 06:15,7.85,13.66,3.20,0.19,0.16,41.17,0.00,0.39,5.99,13.98
16/05/2025 06:45,7.81,13.62,3.56,0.19,0.16,16.36,5.63,0.00,6.00,13.94
16/05/2025 06:45,7.81,13.62,3.56,0.19,0.16,16.36,5.63,0.00,6.00,13.94
16/05/2025 07:15,7.87,13.55,3.60,0.19,0.16,20.63,10.28,0.51,6.02,13.89
16/05/2025 07:15,7.87,13.55,3.60,0.19,0.16,20.63,10.28,0.51,6.02,13.89
16/05/2025 07:45,7.90,13.53,3.41,0.19,0.16,18.45,13.40,3.64,6.04,13.85
16/05/2025 07:45,7.90,13.53,3.41,0.19,0.16,18.45,13.40,3.64,6.04,13.85
16/05/2025 08:15,7.89,13.51,3.63,0.19,0.16,20.14,19.82,0.00,6.02,13.82
16/05/2025 08:15,7.89,13.51,3.63,0.19,0.16,20.14,19.82,0.00,6.02,13.82
16/05/2025 08:45,7.92,13.46,3.58,0.19,0.16,19.61,25.02,0.18,5.99,13.77
16/05/2025 08:45,7.92,13.46,3.58,0.19,0.16,19.61,25.02,0.18,5.99,13.77
16/05/2025 09:15,7.93,13.42,3.60,0.19,0.16,4.45,23.81,0.18,6.01,13.73
16/05/2025 09:15,7.93,13.42,3.60,0.19,0.16,4.45,23.81,0.18,6.01,13.73
16/05/2025 09:45,7.93,13.40,3.63,0.19,0.16,41.17,13.91,0.00,6.03,13.69
16/05/2025 09:45,7.93,13.40,3.63,0.19,0.16,41.17,13.91,0.00,6.03,13.69
16/05/2025 10:15,7.94,13.38,3.64,6.17,5.14,22.86,18.93,0.06,5.99,13.65
16/05/2025 10:15,7.94,13.38,3.64,6.17,5.14,22.86,18.93,0.06,5.99,13.65
16/05/2025 10:45,7.94,13.38,3.65,10.35,8.63,25.20,14.44,0.43,6.01,13.64
16/05/2025 10:45,7.94,13.38,3.65,10.35,8.63,25.20,14.44,0.43,6.01,13.64
16/05/2025 11:15,7.92,13.38,3.59,11.41,9.51,32.30,6.98,1.31,6.01,13.63
16/05/2025 11:15,7.92,13.38,3.59,11.41,9.51,32.30,6.98,1.31,6.01,13.63
16/05/2025 11:45,7.91,13.44,3.62,17.38,14.48,12.03,16.40,0.72,5.94,13.66
16/05/2025 11:45,7.91,13.44,3.62,17.38,14.48,12.03,16.40,0.72,5.94,13.66
16/05/2025 12:15,7.91,13.49,3.57,26.72,22.27,21.15,34.07,0.88,6.01,13.66
16/05/2025 12:15,7.91,13.49,3.57,26.72,22.27,21.15,34.07,0.88,6.01,13.66
16/05/2025 12:45,7.89,13.58,3.58,30.66,25.55,6.00,13.11,2.11,6.02,13.70
16/05/2025 12:45,7.89,13.58,3.58,30.66,25.55,6.00,13.11,2.11,6.02,13.70
16/05/2025 13:15,7.90,13.65,3.65,34.27,28.56,37.36,6.43,0.16,6.08,13.73
16/05/2025 13:15,7.90,13.65,3.65,34.27,28.56,37.36,6.43,0.16,6.08,13.73
16/05/2025 13:45,7.87,13.75,3.43,47.16,39.30,19.90,8.55,0.06,5.97,13.81
16/05/2025 13:45,7.87,13.75,3.43,47.16,39.30,19.90,8.55,0.06,5.97,13.81
16/05/2025 14:15,7.86,13.80,3.61,48.48,40.40,15.70,3.76,0.00,5.97,13.84
16/05/2025 14:15,7.86,13.80,3.61,48.48,40.40,15.70,3.76,0.00,5.97,13.84
16/05/2025 14:45,7.88,13.80,3.40,76.62,63.85,5.45,0.00,17.01,6.07,13.91
16/05/2025 14:45,7.88,13.80,3.40,76.62,63.85,5.45,0.00,17.01,6.07,13.91
16/05/2025 15:15,7.86,13.84,3.63,80.11,66.76,36.48,0.00,11.42,6.04,13.97
16/05/2025 15:15,7.86,13.84,3.63,80.11,66.76,36.48,0.00,11.42,6.04,13.97
16/05/2025 15:45,7.87,13.86,3.44,103.59,86.32,18.83,0.00,20.12,6.07,14.04
16/05/2025 15:45,7.87,13.86,3.44,103.59,86.32,18.83,0.00,20.12,6.07,14.04
16/05/2025 16:15,7.86,13.95,3.49,104.29,86.91,4.36,0.00,16.09,6.04,14.09
16/05/2025 16:15,7.86,13.95,3.49,104.29,86.91,4.36,0.00,16.09,6.04,14.09
16/05/2025 18:45,7.75,14.42,3.91,155.38,129.48,75.66,,67.40,6.22,14.72
16/05/2025 18:45,7.75,14.42,3.91,155.38,129.48,75.66,,67.40,6.22,14.72
16/05/2025 19:15,7.84,14.19,3.66,63.90,53.25,51.97,,23.52,6.23,14.52
16/05/2025 19:15,7.84,14.19,3.66,63.90,53.25,51.97,,23.52,6.23,14.52
16/05/2025 19:45,7.85,14.23,3.64,70.93,59.11,,,,6.18,14.61
16/05/2025 19:45,7.85,14.23,3.64,70.93,59.11,,,,6.18,14.61
16/05/2025 20:15,7.87,14.20,3.44,84.59,70.49,,,,6.30,14.46
16/05/2025 20:15,7.87,14.20,3.44,84.59,70.49,,,,6.30,14.46
16/05/2025 20:45,7.85,14.33,3.62,56.07,46.73,,,,6.28,14.70
16/05/2025 20:45,7.85,14.33,3.62,56.07,46.73,,,,6.28,14.70